"ID","AUTHOR","FILENAME","DATEEXECUTED","ORDEREXECUTED","EXECTYPE","MD5SUM","DESCRIPTION","COMMENTS","TAG","LIQUIBASE","CONTEXTS","LABELS","DEPLOYMENT_ID"
"010-001","platform-admin","db/changelog/v1.0.0/010-create-platform-tables.xml","2026-08-22T08:55:53.669","1","EXECUTED","9:6652733b242bef62dfc399809b4bc4f9","createTable tableName=tenants; sql; sql","","","5.0.3","()","","7370953630"
"010-002","platform-admin","db/changelog/v1.0.0/010-create-platform-tables.xml","2026-08-22T08:55:53.675","2","EXECUTED","9:54977b578a34621612aad893bb5ef98f","createTable tableName=tenant_features; addPrimaryKey tableName=tenant_features; addForeignKeyConstraint baseTableName=tenant_features, constraintName=fk_tenant_features_tenant, referencedTableName=tenants","","","5.0.3","()","","7370953630"
"010-003","platform-admin","db/changelog/v1.0.0/010-create-platform-tables.xml","2026-08-22T08:55:53.678","3","EXECUTED","9:7ee6bc999a66c428d746c5baa59566ef","createTable tableName=platform_users; sql","","","5.0.3","()","","7370953630"
"010-004","platform-admin","db/changelog/v1.0.0/010-create-platform-tables.xml","2026-08-22T08:55:53.681","4","EXECUTED","9:4e467e76b0a33423859d425b0a6734a4","createTable tableName=usage_records","","","5.0.3","()","","7370953630"
"010-005","platform-admin","db/changelog/v1.0.0/010-create-platform-tables.xml","2026-08-22T08:55:53.683","5","EXECUTED","9:c654d1d92f9eb8e30730bcf6acaf64cf","createTable tableName=impersonation_log","","","5.0.3","()","","7370953630"
"platform-1.0.0-020-create-event-outbox","restaurantos-agent","db/changelog/v1.0.0/020-shared-infra-tables.xml","2026-08-22T08:55:53.689","6","EXECUTED","9:d435f885de62308533c867daf3a3aa89","createTable tableName=event_outbox; createIndex indexName=idx_platform_event_outbox_status_created, tableName=event_outbox","","","5.0.3","()","","7370953630"
"platform-1.0.0-020b-create-idempotency-keys","restaurantos-agent","db/changelog/v1.0.0/020-shared-infra-tables.xml","2026-08-22T08:55:53.692","7","EXECUTED","9:6393ff7b8763d8fc130d9d7fb2a304a7","createTable tableName=idempotency_keys; createIndex indexName=idx_platform_idempotency_expires_at, tableName=idempotency_keys","","","5.0.3","()","","7370953630"
"platform-1.0.0-020c-create-processed-events","restaurantos-agent","db/changelog/v1.0.0/020-shared-infra-tables.xml","2026-08-22T08:55:53.696","8","EXECUTED","9:d7ec3321f9df7cd920af800efe03a842","createTable tableName=processed_events; addPrimaryKey constraintName=pk_platform_processed_events, tableName=processed_events","","","5.0.3","()","","7370953630"
"030-001","platform-admin","db/changelog/v1.0.0/030-tenant-feature-override-flag.xml","2026-08-22T08:55:53.699","9","EXECUTED","9:a03a70e5bd8ce6231d2e906c7b97eef6","addColumn tableName=tenant_features","","","5.0.3","()","","7370953630"
"030-002","platform-admin","db/changelog/v1.0.0/030-tenant-feature-override-flag.xml","2026-08-22T08:55:53.701","10","EXECUTED","9:6a561a9e7845450872a1effeaa7459a4","addColumn tableName=tenants","","","5.0.3","()","","7370953630"
"040-001-platform-db-rls-posture-comment","restaurantos-agent","db/changelog/v1.0.0/040-platform-db-rls-posture.xml","2026-08-22T08:55:53.705","11","EXECUTED","9:74b9f7780967f3a49a48492998d81218","sql; sql; sql","","","5.0.3","()","","7370953630"
"040-002-impersonation-log-append-only-grants","restaurantos-agent","db/changelog/v1.0.0/040-platform-db-rls-posture.xml","2026-08-22T08:55:53.708","12","EXECUTED","9:27ad0904a0140bfc23c7d1d1c04ad582","sql; sql","","","5.0.3","()","","7370953630"
"040-003-impersonation-log-immutability-trigger","restaurantos-agent","db/changelog/v1.0.0/040-platform-db-rls-posture.xml","2026-08-22T08:55:53.712","13","EXECUTED","9:0471ce79afcaf8d6f5addd7ea9b52b31","sql; sql; sql; sql; sql; sql","","","5.0.3","()","","7370953630"
"050-001-subscription-plans","platform-admin","db/changelog/v1.0.0/050-subscription-plans-and-subscriptions.xml","2026-08-22T08:55:53.717","14","EXECUTED","9:f8033d48a553babdaf048717417c1fd6","createTable tableName=subscription_plans; sql; sql; sql; sql; sql","","","5.0.3","()","","7370953630"
"050-002-tenant-subscriptions","platform-admin","db/changelog/v1.0.0/050-subscription-plans-and-subscriptions.xml","2026-08-22T08:55:53.722","15","EXECUTED","9:2df010142b6d11973ecf617ce9aaeb9a","createTable tableName=tenant_subscriptions; addForeignKeyConstraint baseTableName=tenant_subscriptions, constraintName=fk_tenant_subscriptions_tenant, referencedTableName=tenants; addForeignKeyConstraint baseTableName=tenant_subscriptions, constraintNa...","","","5.0.3","()","","7370953630"
"050-003-subscription-history","platform-admin","db/changelog/v1.0.0/050-subscription-plans-and-subscriptions.xml","2026-08-22T08:55:53.726","16","EXECUTED","9:32eeed0e032f8b60ccb3d014d44dae0e","createTable tableName=subscription_history; addForeignKeyConstraint baseTableName=subscription_history, constraintName=fk_subscription_history_tenant, referencedTableName=tenants; addForeignKeyConstraint baseTableName=subscription_history, constraintNa...","","","5.0.3","()","","7370953630"
"050-004-subscription-history-append-only","platform-admin","db/changelog/v1.0.0/050-subscription-plans-and-subscriptions.xml","2026-08-22T08:55:53.73","17","EXECUTED","9:a2b2a6db5f0f85592014eb4cb9f51e17","sql; sql; sql; sql; sql; sql","","","5.0.3","()","","7370953630"
"050-005-subscription-table-comments","platform-admin","db/changelog/v1.0.0/050-subscription-plans-and-subscriptions.xml","2026-08-22T08:55:53.733","18","EXECUTED","9:5b2177da69527f9a9c619829874bdb86","sql; sql; sql","","","5.0.3","()","","7370953630"
"050-006-seed-tier-aligned-plans","platform-admin","db/changelog/v1.0.0/050-subscription-plans-and-subscriptions.xml","2026-08-22T08:55:53.737","19","EXECUTED","9:4d54cda568a0e52310e0d26deae4dc5b","insert tableName=subscription_plans; insert tableName=subscription_plans; insert tableName=subscription_plans; insert tableName=subscription_plans","","","5.0.3","()","","7370953630"
"050-001-create-platform-admin-audit","restaurantos-agent","db/changelog/v1.0.0/050-platform-admin-audit.xml","2026-08-22T08:55:53.743","20","EXECUTED","9:b3ab3a4b1d9ddee546760aa3a621203e","createTable tableName=platform_admin_audit; sql; sql; createIndex indexName=idx_paa_occurred_at, tableName=platform_admin_audit; createIndex indexName=idx_paa_operator, tableName=platform_admin_audit; createIndex indexName=idx_paa_tenant, tableName=pla...","","","5.0.3","()","","7370953630"
"050-002-platform-admin-audit-append-only-grants","restaurantos-agent","db/changelog/v1.0.0/050-platform-admin-audit.xml","2026-08-22T08:55:53.747","21","EXECUTED","9:5341af7a9a8e10898fdd52f68f96713c","sql; sql","","","5.0.3","()","","7370953630"
"050-003-platform-admin-audit-immutability-trigger","restaurantos-agent","db/changelog/v1.0.0/050-platform-admin-audit.xml","2026-08-22T08:55:53.75","22","EXECUTED","9:ffcb77799035f4221675af6e2bfae96f","sql; sql; sql; sql; sql; sql","","","5.0.3","()","","7370953630"
"060-001","platform-admin","db/changelog/v1.0.0/060-platform-announcements.xml","2026-08-22T08:55:53.753","23","EXECUTED","9:d3c1e5d45107b86339f535252fc39661","createTable tableName=announcements; sql; sql; sql","","","5.0.3","()","","7370953630"
"060-002","platform-admin","db/changelog/v1.0.0/060-platform-announcements.xml","2026-08-22T08:55:53.757","24","EXECUTED","9:c19083c8404f421e7805998b5131d5e3","createTable tableName=announcement_audience; sql; sql; sql; sql","","","5.0.3","()","","7370953630"
"060-003","platform-admin","db/changelog/v1.0.0/060-platform-announcements.xml","2026-08-22T08:55:53.76","25","EXECUTED","9:f00c8aa077ca50c189c7676b59bd74da","createTable tableName=announcement_acknowledgements; sql; sql","","","5.0.3","()","","7370953630"
"060-004","platform-admin","db/changelog/v1.0.0/060-platform-announcements.xml","2026-08-22T08:55:53.761","26","EXECUTED","9:d83987f747d5790a4196977db3935008","sql","","","5.0.3","()","","7370953630"
"platform-900-001-seed-super-admin","restaurantos-agent","db/changelog/v1.0.0/900-seed-platform-users.xml","2026-08-22T08:55:53.764","27","EXECUTED","9:bcfb66da22a17f7138ccea8cd44f8194","insert tableName=platform_users","","","5.0.3","seed","","7370953630"
"platform-901-001-seed-demo-tenant","restaurantos-agent","db/changelog/v1.0.0/901-seed-demo-tenant.xml","2026-08-22T08:55:53.766","28","EXECUTED","9:faedd95898cf47550c3586b9a94c9c78","insert tableName=tenants","","","5.0.3","seed","","7370953630"
"platform-901-002-seed-demo-tenant-features","restaurantos-agent","db/changelog/v1.0.0/901-seed-demo-tenant.xml","2026-08-22T08:55:53.77","29","EXECUTED","9:37855e161365ed739e9ef7470f2f56cb","insert tableName=tenant_features; insert tableName=tenant_features; insert tableName=tenant_features; insert tableName=tenant_features; insert tableName=tenant_features; insert tableName=tenant_features; insert tableName=tenant_features; insert tableNa...","","","5.0.3","seed","","7370953630"
"platform-910-001-seed-project-super-admin","restaurantos-agent","db/changelog/v1.0.0/910-rotate-platform-superadmin.xml","2026-08-22T08:55:53.773","30","EXECUTED","9:363a51829a3e4ec0d50bee212bc8992c","insert tableName=platform_users","","","5.0.3","seed","","7370953630"
"platform-910-002-deactivate-seeded-super-admin","restaurantos-agent","db/changelog/v1.0.0/910-rotate-platform-superadmin.xml","2026-08-22T08:55:53.775","31","EXECUTED","9:186dbfe981fab91e9381db819d833144","update tableName=platform_users",,"","5.0.3","seed","","7370953630"
